{
  "mean": 1.0863974672173855,
  "std": 0.929281658680555
}